"28/06/2011 05:50","Paul Gallagher talks about his black and white photography http://gbl.bz/igH6N5 #landscape #photography ¹",""
"28/06/2011 20:50","Paul Gallagher talks about his black and white photography http://gbl.bz/igH6N5 #landscape #photography ²",""
"29/06/2011 05:50","Max Rush a year in a London park http://gbl.bz/mvdCwy #landscape #photography ¹",""
"29/06/2011 20:50","Max Rush a year in a London park http://gbl.bz/mvdCwy #landscape #photography ²",""
"30/06/2011 05:50","Anthropomorphism in landscape photography http://gbl.bz/inbeAM #landscape #photography ¹",""
"30/06/2011 20:50","Anthropomorphism in landscape photography http://gbl.bz/inbeAM #landscape #photography ²",""
"01/07/2011 05:50","Comparing 16 colour films on a sunset http://gbl.bz/imXVrR #landscape #photography ¹",""
"01/07/2011 20:50","Comparing 16 colour films on a sunset http://gbl.bz/imXVrR #landscape #photography ²",""
"02/07/2011 05:50","Photographing the isle of Eigg http://gbl.bz/iXTd4t #landscape #photography ¹",""
"02/07/2011 20:50","Photographing the isle of Eigg http://gbl.bz/iXTd4t #landscape #photography ²",""
"03/07/2011 05:50","Getting out of a creative rut http://gbl.bz/mSdAsA #landscape #photography ¹",""
"03/07/2011 20:50","Getting out of a creative rut http://gbl.bz/mSdAsA #landscape #photography ²",""
"04/07/2011 05:50","Featured photographer, Paul Moon http://gbl.bz/jLL99b #landscape #photography ¹",""
"04/07/2011 20:50","Featured photographer, Paul Moon http://gbl.bz/jLL99b #landscape #photography ²",""
"05/07/2011 05:50","The rolls royce of tripod heads http://gbl.bz/iZWmXc #landscape #photography ¹",""
"05/07/2011 20:50","The rolls royce of tripod heads http://gbl.bz/iZWmXc #landscape #photography ²",""
"06/07/2011 05:50","Joe Cornish talks through his black and white photography http://gbl.bz/m1Gykh #landscape #photography ¹",""
"06/07/2011 20:50","Joe Cornish talks through his black and white photography http://gbl.bz/m1Gykh #landscape #photography ²",""
"07/07/2011 05:50","Self publish your own landscape photography book http://gbl.bz/jocVPa #landscape #photography ¹",""
"07/07/2011 20:50","Self publish your own landscape photography book http://gbl.bz/jocVPa #landscape #photography ²",""
"08/07/2011 05:50","Master Photographer, Minor White http://gbl.bz/lQkoBS #landscape #photography ¹",""
"08/07/2011 20:50","Master Photographer, Minor White http://gbl.bz/lQkoBS #landscape #photography ²",""
"09/07/2011 05:50","Minor White book reviews http://gbl.bz/isosuO #landscape #photography ¹",""
"09/07/2011 20:50","Minor White book reviews http://gbl.bz/isosuO #landscape #photography ²",""
"10/07/2011 05:50","Light, Composition or Subject? http://gbl.bz/jVIVFT #landscape #photography ¹",""
"10/07/2011 20:50","Light, Composition or Subject? http://gbl.bz/jVIVFT #landscape #photography ²",""
"11/07/2011 05:50","Featured photographe, Paul Mitchell http://gbl.bz/llysJ3 #landscape #photography ¹",""
"11/07/2011 20:50","Featured photographe, Paul Mitchell http://gbl.bz/llysJ3 #landscape #photography ²",""
"12/07/2011 05:50","The new DVD by Joe Cornish http://gbl.bz/iBQGQk #landscape #photography ¹",""
"12/07/2011 20:50","The new DVD by Joe Cornish http://gbl.bz/iBQGQk #landscape #photography ²",""
"13/07/2011 05:50","Outdoor exhibitions at the Chelsea Flower Show http://gbl.bz/lReKSF #landscape #photography ¹",""
"13/07/2011 20:50","Outdoor exhibitions at the Chelsea Flower Show http://gbl.bz/lReKSF #landscape #photography ²",""
"14/07/2011 05:50","Ektar or Velvia? http://gbl.bz/j9TNP4 #landscape #photography ¹",""
"14/07/2011 20:50","Ektar or Velvia? http://gbl.bz/j9TNP4 #landscape #photography ²",""
"15/07/2011 05:50","Win a full frame camera http://gbl.bz/iSuNQW #landscape #photography ¹",""
"15/07/2011 20:50","Win a full frame camera http://gbl.bz/iSuNQW #landscape #photography ²",""
"16/07/2011 05:50","Joe Cornish critique video http://gbl.bz/kX8Zky #landscape #photography ¹",""
"16/07/2011 20:50","Joe Cornish critique video http://gbl.bz/kX8Zky #landscape #photography ²",""
"17/07/2011 05:50","Introduction to black and white photography http://gbl.bz/jBoUDv #landscape #photography ¹",""
"17/07/2011 20:50","Introduction to black and white photography http://gbl.bz/jBoUDv #landscape #photography ²",""
"18/07/2011 05:50","Photographing Trees http://gbl.bz/jqNWTE #landscape #photography ¹",""
"18/07/2011 20:50","Photographing Trees http://gbl.bz/jqNWTE #landscape #photography ²",""
"19/07/2011 05:50","Kodak Portra - 19 stops of dynamic range! http://gbl.bz/iZHYQf #landscape #photography ¹",""
"19/07/2011 20:50","Kodak Portra - 19 stops of dynamic range! http://gbl.bz/iZHYQf #landscape #photography ²",""
"20/07/2011 05:50","Saturation? What and why? http://gbl.bz/lLSwZc #landscape #photography ¹",""
"20/07/2011 20:50","Saturation? What and why? http://gbl.bz/lLSwZc #landscape #photography ²",""
"21/07/2011 05:50","Featured photographer, Joe Wright http://gbl.bz/mP7U6a #landscape #photography ¹",""
"21/07/2011 20:50","Featured photographer, Joe Wright http://gbl.bz/mP7U6a #landscape #photography ²",""
"22/07/2011 05:50","Wilderness and the mind of the photographer http://gbl.bz/kuvpWV #landscape #photography ¹",""
"22/07/2011 20:50","Wilderness and the mind of the photographer http://gbl.bz/kuvpWV #landscape #photography ²",""
